# Name,   Type, SubType, Offset,   Size,     Flags
# EXPERIMENTAL D1 travel layout (feature/passport-core only, passport-travel-
# v1-draft contract section 10). NOT the upstream default; no OTA slots.
# Ends exactly at 0x800000; original app offset retained.
nvs,      data, nvs,     0x9000,   0x6000,
phy_init, data, phy,     0xf000,   0x1000,
factory,  app,  factory, 0x10000,  0x500000,
records,  data, nvs,     0x510000, 0x20000,
cache_a,  data, fat,     0x530000, 0x168000,
cache_b,  data, fat,     0x698000, 0x168000,
